0;INEA E PCT TRANSPORTES EIRELI;FATURAS VENCIDAS;08/04/2026;12:59
1;Fatura;Emissao;CNPJ pagador;Nome pagador;ClienteABC;Cidade pagador;UF pagador;UnidResp;Vendedor;Banco;Valor;Vencimento;DiasAtraso;Saldo
2;0003442-8;03/04/23;11040609000291;HDLOG TRANSPORTES;".2";SERRA;ES;ESO;;CARTEIRA;158,82;17/04/23;1087;158,82
2;0003713-3;03/07/23;11040609000291;HDLOG TRANSPORTES;".2";SERRA;ES;ESO;;CARTEIRA;350,00;17/07/23;996;350,00
2;0002595-0;20/06/22;81826166000163;COPLASA DO BRASIL INDUSTRIA;"C2";CORUPA;SC;JOI;alexsand;BANCO ITAU S.A.;687,44;30/06/22;1378;687,44
2;0006247-2;23/02/26;06913480002616;DIMENSIONAL BRASIL SOLUCOES LT;"C2";GARUVA;SC;JOI;alexsand;CARTEIRA;15272,38;25/03/26;14;15272,38
2;0006156-5;21/01/26;75339051000141;DOCOL INDUSTRIA E COMERCIO LTD;"A2";JOINVILLE;SC;JOI;alexsand;CARTEIRA;36260,62;18/02/26;49;3482,20
2;0005275-2;01/02/25;75339051000141;DOCOL INDUSTRIA E COMERCIO LTD;"A2";JOINVILLE;SC;JOI;alexsand;CARTEIRA;136578,39;28/02/25;404;99,52
2;0006179-4;01/02/26;75339051000141;DOCOL INDUSTRIA E COMERCIO LTD;"A2";JOINVILLE;SC;JOI;alexsand;CARTEIRA;65353,13;28/02/26;39;13926,39
2;0006219-7;11/02/26;75339051000141;DOCOL INDUSTRIA E COMERCIO LTD;"A2";JOINVILLE;SC;JOI;alexsand;CARTEIRA;26701,37;08/03/26;31;3492,58
2;0006239-1;21/02/26;75339051000141;DOCOL INDUSTRIA E COMERCIO LTD;"A2";JOINVILLE;SC;JOI;alexsand;CARTEIRA;41221,77;18/03/26;21;353,41
2;0004560-8;01/05/24;75339051000141;DOCOL INDUSTRIA E COMERCIO LTD;"A2";JOINVILLE;SC;JOI;alexsand;CARTEIRA;866,25;28/05/24;680;79,88
2;0004586-1;11/05/24;75339051000141;DOCOL INDUSTRIA E COMERCIO LTD;"A2";JOINVILLE;SC;JOI;alexsand;CARTEIRA;53285,15;08/06/24;669;307,36
2;0004617-5;21/05/24;75339051000141;DOCOL INDUSTRIA E COMERCIO LTD;"A2";JOINVILLE;SC;JOI;alexsand;CARTEIRA;1072,61;18/06/24;659;873,62
2;0001707-8;11/06/21;75339051000141;DOCOL INDUSTRIA E COMERCIO LTD;"A2";JOINVILLE;SC;JOI;alexsand;CARTEIRA;629,17;08/07/21;1735;629,17
2;0004686-8;11/06/24;75339051000141;DOCOL INDUSTRIA E COMERCIO LTD;"A2";JOINVILLE;SC;JOI;alexsand;CARTEIRA;2211,41;08/07/24;639;90,18
2;0004708-2;21/06/24;75339051000141;DOCOL INDUSTRIA E COMERCIO LTD;"A2";JOINVILLE;SC;JOI;alexsand;CARTEIRA;67958,67;18/07/24;629;3803,10
2;0004772-4;11/07/24;75339051000141;DOCOL INDUSTRIA E COMERCIO LTD;"A2";JOINVILLE;SC;JOI;alexsand;CARTEIRA;3789,47;28/07/24;619;1185,43
2;0004731-7;01/07/24;75339051000141;DOCOL INDUSTRIA E COMERCIO LTD;"A2";JOINVILLE;SC;JOI;alexsand;CARTEIRA;1732,85;28/07/24;619;1023,99
2;0004819-4;22/07/24;75339051000141;DOCOL INDUSTRIA E COMERCIO LTD;"A2";JOINVILLE;SC;JOI;alexsand;CARTEIRA;1710,60;18/08/24;598;1625,22
2;0001832-5;02/08/21;75339051000141;DOCOL INDUSTRIA E COMERCIO LTD;"A2";JOINVILLE;SC;JOI;alexsand;CARTEIRA;14020,81;28/08/21;1684;240,44
2;0001934-8;21/09/21;75339051000141;DOCOL INDUSTRIA E COMERCIO LTD;"A2";JOINVILLE;SC;JOI;alexsand;CARTEIRA;327,85;18/10/21;1633;89,31
2;0002974-2;21/10/22;75339051000141;DOCOL INDUSTRIA E COMERCIO LTD;"A2";JOINVILLE;SC;JOI;alexsand;CARTEIRA;467,94;18/11/22;1237;61,36
2;0004005-3;21/10/23;75339051000141;DOCOL INDUSTRIA E COMERCIO LTD;"A2";JOINVILLE;SC;JOI;alexsand;CARTEIRA;334,67;18/11/23;872;117,17
2;0005031-8;21/10/24;75339051000141;DOCOL INDUSTRIA E COMERCIO LTD;"A2";JOINVILLE;SC;JOI;alexsand;CARTEIRA;55284,79;18/11/24;506;180,69
2;0002023-1;01/11/21;75339051000141;DOCOL INDUSTRIA E COMERCIO LTD;"A2";JOINVILLE;SC;JOI;alexsand;CARTEIRA;378,22;28/11/21;1592;298,30
2;0005065-2;01/11/24;75339051000141;DOCOL INDUSTRIA E COMERCIO LTD;"A2";JOINVILLE;SC;JOI;alexsand;CARTEIRA;100406,62;28/11/24;496;773,00
2;0003028-7;11/11/22;75339051000141;DOCOL INDUSTRIA E COMERCIO LTD;"A2";JOINVILLE;SC;JOI;alexsand;CARTEIRA;814,68;08/12/22;1217;136,05
2;0005081-4;11/11/24;75339051000141;DOCOL INDUSTRIA E COMERCIO LTD;"A2";JOINVILLE;SC;JOI;alexsand;CARTEIRA;60530,99;08/12/24;486;431,59
2;0003053-8;21/11/22;75339051000141;DOCOL INDUSTRIA E COMERCIO LTD;"A2";JOINVILLE;SC;JOI;alexsand;CARTEIRA;359,15;18/12/22;1207;142,29
2;0005115-2;21/11/24;75339051000141;DOCOL INDUSTRIA E COMERCIO LTD;"A2";JOINVILLE;SC;JOI;alexsand;CARTEIRA;39561,79;18/12/24;476;275,91
2;0003086-4;01/12/22;75339051000141;DOCOL INDUSTRIA E COMERCIO LTD;"A2";JOINVILLE;SC;JOI;alexsand;CARTEIRA;281,27;28/12/22;1197;61,36
2;0003239-5;21/01/23;75339051001385;DOCOL INDUSTRIA E COMERCIO LTDA;"A2";JOINVILLE;SC;JOI;alexsand;CARTEIRA;736,04;18/02/23;1145;736,04
2;0006158-1;21/01/26;75339051001385;DOCOL INDUSTRIA E COMERCIO LTDA;"A2";JOINVILLE;SC;JOI;alexsand;CARTEIRA;14902,87;18/02/26;49;362,84
2;0006221-9;11/02/26;75339051001385;DOCOL INDUSTRIA E COMERCIO LTDA;"A2";JOINVILLE;SC;JOI;alexsand;CARTEIRA;24414,97;08/03/26;31;1027,63
2;0006241-3;21/02/26;75339051001385;DOCOL INDUSTRIA E COMERCIO LTDA;"A2";JOINVILLE;SC;JOI;alexsand;CARTEIRA;8004,57;18/03/26;21;0,00
2;0006266-9;01/03/26;75339051001385;DOCOL INDUSTRIA E COMERCIO LTDA;"A2";JOINVILLE;SC;JOI;alexsand;CARTEIRA;9872,28;28/03/26;11;0,00
2;0003573-4;21/05/23;75339051001385;DOCOL INDUSTRIA E COMERCIO LTDA;"A2";JOINVILLE;SC;JOI;alexsand;CARTEIRA;71,51;18/06/23;1025;71,51
2;0002796-1;22/08/22;75339051001385;DOCOL INDUSTRIA E COMERCIO LTDA;"A2";JOINVILLE;SC;JOI;alexsand;CARTEIRA;3953,09;18/09/22;1298;3953,09
2;0002975-1;21/10/22;75339051001385;DOCOL INDUSTRIA E COMERCIO LTDA;"A2";JOINVILLE;SC;JOI;alexsand;CARTEIRA;5508,12;18/11/22;1237;5508,12
2;0002003-6;21/10/21;41396899000190;DOCOL INOX LTDA;".2";JOINVILLE;SC;JOI;alexsand;CARTEIRA;734,55;26/11/21;1594;734,55
2;0002024-9;01/11/21;41396899000190;DOCOL INOX LTDA;".2";JOINVILLE;SC;JOI;alexsand;CARTEIRA;211,06;28/11/21;1592;211,06
2;0002072-9;22/11/21;41396899000190;DOCOL INOX LTDA;".2";JOINVILLE;SC;JOI;alexsand;CARTEIRA;468,36;06/12/21;1584;468,36
2;0002052-4;11/11/21;41396899000190;DOCOL INOX LTDA;".2";JOINVILLE;SC;JOI;alexsand;CARTEIRA;575,81;08/12/21;1582;575,81
2;0002096-6;29/11/21;41396899000190;DOCOL INOX LTDA;".2";JOINVILLE;SC;JOI;alexsand;CARTEIRA;492,66;13/12/21;1577;492,66
2;0003182-8;02/01/23;02314099000121;FRANKE SISTEMAS DE COZINHAS DO BRASIL LTDA;".2";JOINVILLE;SC;JOI;alexsand;CARTEIRA;745,02;16/01/23;1178;745,02
2;0006141-7;19/01/26;02314099000121;FRANKE SISTEMAS DE COZINHAS DO BRASIL LTDA;".2";JOINVILLE;SC;JOI;alexsand;CARTEIRA;125,67;02/02/26;65;125,67
2;0003244-1;23/01/23;02314099000121;FRANKE SISTEMAS DE COZINHAS DO BRASIL LTDA;".2";JOINVILLE;SC;JOI;alexsand;CARTEIRA;118,55;06/02/23;1157;118,55
2;0001613-6;26/04/21;02314099000121;FRANKE SISTEMAS DE COZINHAS DO BRASIL LTDA;".2";JOINVILLE;SC;JOI;alexsand;CARTEIRA;139,15;10/05/21;1794;139,15
2;0003556-4;15/05/23;02314099000121;FRANKE SISTEMAS DE COZINHAS DO BRASIL LTDA;".2";JOINVILLE;SC;JOI;alexsand;CARTEIRA;636,62;29/05/23;1045;636,62
2;0002644-1;11/07/22;02314099000121;FRANKE SISTEMAS DE COZINHAS DO BRASIL LTDA;".2";JOINVILLE;SC;JOI;alexsand;CARTEIRA;2961,20;29/07/22;1349;2961,20
2;0002645-0;11/07/22;02314099000121;FRANKE SISTEMAS DE COZINHAS DO BRASIL LTDA;".2";JOINVILLE;SC;JOI;alexsand;CARTEIRA;282,73;12/08/22;1335;282,73
2;0001761-2;05/07/21;02314099000121;FRANKE SISTEMAS DE COZINHAS DO BRASIL LTDA;".2";JOINVILLE;SC;JOI;alexsand;CARTEIRA;321,15;19/08/21;1693;321,15
2;0004943-3;16/09/24;02314099000121;FRANKE SISTEMAS DE COZINHAS DO BRASIL LTDA;".2";JOINVILLE;SC;JOI;alexsand;CARTEIRA;641,40;30/09/24;555;641,40
2;0001971-2;11/10/21;02314099000121;FRANKE SISTEMAS DE COZINHAS DO BRASIL LTDA;".2";JOINVILLE;SC;JOI;alexsand;CARTEIRA;407,60;25/10/21;1626;407,60
2;0001995-0;18/10/21;02314099000121;FRANKE SISTEMAS DE COZINHAS DO BRASIL LTDA;".2";JOINVILLE;SC;JOI;alexsand;CARTEIRA;188,89;01/11/21;1619;188,89
2;0005151-9;09/12/24;02314099000121;FRANKE SISTEMAS DE COZINHAS DO BRASIL LTDA;".2";JOINVILLE;SC;JOI;alexsand;CARTEIRA;753,99;23/12/24;471;753,99
2;0001178-9;28/09/20;37981152000122;GARRA EXPRESS LOGISTICA LTDA;".2";JOINVILLE;SC;JOI;;CARTEIRA;1155,26;12/10/20;2004;1155,26
2;0001203-3;13/10/20;37981152000122;GARRA EXPRESS LOGISTICA LTDA;".2";JOINVILLE;SC;JOI;;BANCO ITAU S.A.;604,09;27/10/20;1989;604,09
2;0001204-1;13/10/20;37981152000122;GARRA EXPRESS LOGISTICA LTDA;".2";JOINVILLE;SC;JOI;;BANCO ITAU S.A.;400,00;27/10/20;1989;400,00
2;0000060-4;15/04/19;11040609000291;HDLOG TRANSPORTES;".2";SERRA;ES;JOI;;CARTEIRA;144,80;29/04/19;2536;144,80
2;0006348-7;23/03/26;00192861000119;HIDRO FILTROS DO BRASIL IND.E;"B2";JOINVILLE;SC;JOI;ario;SICREDI;4536,33;06/04/26;2;4536,33
2;0002562-3;06/06/22;07650125000106;LB INDUSTRIA LTDA;".2";JARAGUA DO SUL;SC;JOI;alexsand;BANCO ITAU S.A.;667,51;20/06/22;1388;667,51
2;0004015-1;20/10/23;08198726000192;MARFIM-IND. E COM. FERRAMENTAS;".2";JARAGUA DO SUL;SC;JOI;alexsand;CARTEIRA;526,59;10/11/23;880;526,59
2;0002197-1;04/01/22;58514928002037;MEXICHEM BRASIL INDUSTRIA DE T;"A1";JOINVILLE;SC;JOI;alexsand;CARTEIRA;34940,61;18/01/22;1541;3465,69
2;0002269-1;08/02/22;58514928002037;MEXICHEM BRASIL INDUSTRIA DE T;"A1";JOINVILLE;SC;JOI;alexsand;CARTEIRA;41145,14;22/02/22;1506;8758,49
2;0006286-3;03/03/26;58514928002037;MEXICHEM BRASIL INDUSTRIA DE T;"A1";JOINVILLE;SC;JOI;alexsand;CARTEIRA;13330,08;24/03/26;15;13330,08
2;0006309-6;10/03/26;58514928002037;MEXICHEM BRASIL INDUSTRIA DE T;"A1";JOINVILLE;SC;JOI;alexsand;CARTEIRA;36325,13;31/03/26;8;36325,13
2;0006335-5;17/03/26;58514928002037;MEXICHEM BRASIL INDUSTRIA DE T;"A1";JOINVILLE;SC;JOI;alexsand;CARTEIRA;56054,47;07/04/26;1;56054,47
2;0002419-8;12/04/22;58514928002037;MEXICHEM BRASIL INDUSTRIA DE T;"A1";JOINVILLE;SC;JOI;alexsand;CARTEIRA;35317,57;26/04/22;1443;218,38
2;0003482-7;18/04/23;58514928002037;MEXICHEM BRASIL INDUSTRIA DE T;"A1";JOINVILLE;SC;JOI;alexsand;CARTEIRA;33443,58;02/05/23;1072;33443,58
2;0002432-5;19/04/22;58514928002037;MEXICHEM BRASIL INDUSTRIA DE T;"A1";JOINVILLE;SC;JOI;alexsand;CARTEIRA;55357,68;03/05/22;1436;298,46
2;0001614-4;27/04/21;58514928002037;MEXICHEM BRASIL INDUSTRIA DE T;"A1";JOINVILLE;SC;JOI;alexsand;CARTEIRA;55567,82;17/05/21;1787;558,46
2;0001690-0;01/06/21;58514928002037;MEXICHEM BRASIL INDUSTRIA DE T;"A1";JOINVILLE;SC;JOI;alexsand;CARTEIRA;32988,43;21/06/21;1752;613,86
2;0004749-0;02/07/24;58514928002037;MEXICHEM BRASIL INDUSTRIA DE T;"A1";JOINVILLE;SC;JOI;alexsand;CARTEIRA;22226,62;23/07/24;624;22226,62
2;0002683-2;19/07/22;58514928002037;MEXICHEM BRASIL INDUSTRIA DE T;"A1";JOINVILLE;SC;JOI;alexsand;CARTEIRA;25631,37;02/08/22;1345;25631,37
2;0002684-1;21/07/22;58514928002037;MEXICHEM BRASIL INDUSTRIA DE T;"A1";JOINVILLE;SC;JOI;alexsand;CARTEIRA;454,68;04/08/22;1343;454,68
2;0002685-9;21/07/22;58514928002037;MEXICHEM BRASIL INDUSTRIA DE T;"A1";JOINVILLE;SC;JOI;alexsand;CARTEIRA;156,27;04/08/22;1343;156,27
2;0005666-9;15/07/25;58514928002037;MEXICHEM BRASIL INDUSTRIA DE T;"A1";JOINVILLE;SC;JOI;alexsand;CARTEIRA;42042,99;05/08/25;246;42042,99
2;0002730-8;02/08/22;58514928002037;MEXICHEM BRASIL INDUSTRIA DE T;"A1";JOINVILLE;SC;JOI;alexsand;CARTEIRA;25330,31;16/08/22;1331;25330,31
2;0002752-9;09/08/22;58514928002037;MEXICHEM BRASIL INDUSTRIA DE T;"A1";JOINVILLE;SC;JOI;alexsand;CARTEIRA;30114,57;23/08/22;1324;30114,57
2;0002774-0;16/08/22;58514928002037;MEXICHEM BRASIL INDUSTRIA DE T;"A1";JOINVILLE;SC;JOI;alexsand;CARTEIRA;23608,00;30/08/22;1317;23608,00
2;0002797-9;23/08/22;58514928002037;MEXICHEM BRASIL INDUSTRIA DE T;"A1";JOINVILLE;SC;JOI;alexsand;CARTEIRA;29823,31;06/09/22;1310;29823,31
2;0002861-4;30/08/22;58514928002037;MEXICHEM BRASIL INDUSTRIA DE T;"A1";JOINVILLE;SC;JOI;alexsand;CARTEIRA;1119,06;13/09/22;1303;1119,06
2;0002863-1;30/08/22;58514928002037;MEXICHEM BRASIL INDUSTRIA DE T;"A1";JOINVILLE;SC;JOI;alexsand;CARTEIRA;1815,55;13/09/22;1303;1815,55
2;0002864-9;30/08/22;58514928002037;MEXICHEM BRASIL INDUSTRIA DE T;"A1";JOINVILLE;SC;JOI;alexsand;CARTEIRA;829,63;13/09/22;1303;829,63
2;0003887-3;05/09/23;58514928002037;MEXICHEM BRASIL INDUSTRIA DE T;"A1";JOINVILLE;SC;JOI;alexsand;CARTEIRA;32233,44;19/09/23;932;298,94
2;0002840-1;06/09/22;58514928002037;MEXICHEM BRASIL INDUSTRIA DE T;"A1";JOINVILLE;SC;JOI;alexsand;CARTEIRA;23941,41;20/09/22;1296;23941,41
2;0002862-2;13/09/22;58514928002037;MEXICHEM BRASIL INDUSTRIA DE T;"A1";JOINVILLE;SC;JOI;alexsand;CARTEIRA;552,27;27/09/22;1289;552,27
2;0005854-8;30/09/25;58514928002037;MEXICHEM BRASIL INDUSTRIA DE T;"A1";JOINVILLE;SC;JOI;alexsand;CARTEIRA;29553,94;21/10/25;169;29553,94
2;0004990-5;01/10/24;58514928002037;MEXICHEM BRASIL INDUSTRIA DE T;"A1";JOINVILLE;SC;JOI;alexsand;CARTEIRA;39337,17;22/10/24;533;536,76
2;0001985-2;12/10/21;58514928002037;MEXICHEM BRASIL INDUSTRIA DE T;"A1";JOINVILLE;SC;JOI;alexsand;CARTEIRA;35914,50;26/10/21;1625;142,33
2;0004007-0;17/10/23;58514928002037;MEXICHEM BRASIL INDUSTRIA DE T;"A1";JOINVILLE;SC;JOI;alexsand;CARTEIRA;39508,81;31/10/23;890;39508,81
2;0005025-3;17/10/24;58514928002037;MEXICHEM BRASIL INDUSTRIA DE T;"A1";JOINVILLE;SC;JOI;alexsand;CARTEIRA;45082,37;05/11/24;519;45082,37
2;0005914-5;21/10/25;58514928002037;MEXICHEM BRASIL INDUSTRIA DE T;"A1";JOINVILLE;SC;JOI;alexsand;CARTEIRA;21845,54;11/11/25;148;21845,54
2;0003013-9;01/11/22;58514928002037;MEXICHEM BRASIL INDUSTRIA DE T;"A1";JOINVILLE;SC;JOI;alexsand;CARTEIRA;37721,74;15/11/22;1240;370,10
2;0005063-6;29/10/24;58514928002037;MEXICHEM BRASIL INDUSTRIA DE T;"A1";JOINVILLE;SC;JOI;alexsand;CARTEIRA;13864,44;19/11/24;505;13864,44
2;0005064-4;31/10/24;58514928002037;MEXICHEM BRASIL INDUSTRIA DE T;"A1";JOINVILLE;SC;JOI;alexsand;CARTEIRA;46661,54;19/11/24;505;46661,54
2;0005994-3;18/11/25;58514928002037;MEXICHEM BRASIL INDUSTRIA DE T;"A1";JOINVILLE;SC;JOI;alexsand;CARTEIRA;19731,49;09/12/25;120;264,49
2;0003083-0;29/11/22;58514928002037;MEXICHEM BRASIL INDUSTRIA DE T;"A1";JOINVILLE;SC;JOI;alexsand;CARTEIRA;33053,76;13/12/22;1212;42,24
2;0001353-6;14/12/20;24032700000126;PAPERFIT FITAS E EMBALAGENS EI;".2";ARAQUARI;SC;JOI;;BANCO ITAU S.A.;197,24;25/01/21;1899;197,24
2;0001547-4;29/03/21;24032700000126;PAPERFIT FITAS E EMBALAGENS EI;".2";ARAQUARI;SC;JOI;;CARTEIRA;171,40;12/04/21;1822;171,40
2;0004439-3;18/03/24;82183716000136;PLASBOHN IND DE PLASTICOS LTDA;".2";JOINVILLE;SC;JOI;alexsand;CARTEIRA;2774,37;10/06/24;667;2774,37
2;0002886-0;26/09/22;23635798000496;SCHULZ COMPRESSORES LTDA;".2";JOINVILLE;SC;JOI;alexsand;CARTEIRA;273,08;10/10/22;1276;273,08
2;0002497-0;16/05/22;23635798000143;SCHULZ COMPRESSORES SA;"C2";JOINVILLE;SC;JOI;DIVERSOS;BANCO ITAU S.A.;3949,36;30/06/22;1378;3949,36
2;0002496-1;16/05/22;23635798000143;SCHULZ COMPRESSORES SA;"C2";JOINVILLE;SC;JOI;DIVERSOS;BANCO ITAU S.A.;83,19;30/06/22;1378;83,19
2;0003596-3;29/05/23;23635798000143;SCHULZ COMPRESSORES SA;"C2";JOINVILLE;SC;JOI;DIVERSOS;CARTEIRA;797,39;25/07/23;988;797,39
2;0004919-1;03/09/24;23635798000143;SCHULZ COMPRESSORES SA;"C2";JOINVILLE;SC;JOI;DIVERSOS;CARTEIRA;371,49;13/09/24;572;371,49
2;0001851-1;16/08/21;23635798000143;SCHULZ COMPRESSORES SA;"C2";JOINVILLE;SC;JOI;DIVERSOS;BANCO ITAU S.A.;297,03;30/09/21;1651;297,03
2;0002600-0;20/06/22;75344937000183;SINTEX INDUSTRIAL DE PLASTICOS;"C2";JOINVILLE;SC;JOI;alexsand;BANCO ITAU S.A.;249,22;30/06/22;1378;249,22
2;0004202-1;18/12/23;75344937000183;SINTEX INDUSTRIAL DE PLASTICOS;"C2";JOINVILLE;SC;JOI;alexsand;SICREDI;196,48;28/12/23;832;196,48
2;0004487-3;08/04/24;03485170000100;SOCELPLAST IND DE PLAST LTDA;"C2";JOINVILLE;SC;JOI;alexsand;CARTEIRA;102,27;22/04/24;716;102,27
2;0002253-5;31/01/22;19333796000122;VALDOMIRO DE OLIVEIRA COM DE P;".2";ARAQUARI;SC;JOI;;CARTEIRA;233,45;14/02/22;1514;233,45
2;0000744-7;24/02/20;05391403000122;VICAP IND COM PLAST LTDA ME;".2";JOINVILLE;SC;JOI;;CARTEIRA;3872,23;09/03/20;2221;3872,23
2;0000761-7;02/03/20;05391403000122;VICAP IND COM PLAST LTDA ME;".2";JOINVILLE;SC;JOI;;CARTEIRA;329,73;16/03/20;2214;329,73
2;0000778-1;09/03/20;05391403000122;VICAP IND COM PLAST LTDA ME;".2";JOINVILLE;SC;JOI;;CARTEIRA;2604,87;23/03/20;2207;2604,87
2;0001441-9;01/02/21;31914241000170;WSA COMERCIO DE FITAS ERIELI;".2";ARAQUARI;SC;JOI;;CARTEIRA;201,66;15/02/21;1878;201,66
2;0001466-4;15/02/21;31914241000170;WSA COMERCIO DE FITAS ERIELI;".2";ARAQUARI;SC;JOI;;CARTEIRA;90,94;01/03/21;1864;90,94
2;0001818-0;02/08/21;63004030004000;02.02 CEC CASA E CONSTRUCAO LT;".2";RIO DE JANEIRO;RJ;RJO;;CARTEIRA;71,74;16/08/21;1696;71,74
2;0001786-8;19/07/21;63004030006127;02.12 C&C CASA E CONSTRUCAO LTDA;".2";MACAE;RJ;RJO;;CARTEIRA;221,94;02/08/21;1710;221,94
2;0004695-7;17/06/24;22029856000122;ALTA PERFORMANCE RECAUCHUTADORA E REFORMADORA DE PNEUS LTDA;".2";NOVA IGUACU;RJ;RJO;;CARTEIRA;689,26;01/07/24;646;689,26
2;0004488-1;08/04/24;47115063000157;BLITZ COMERCIO ELETRONICO DE BICICLETAS E ACESSORIOS LTDA;".2";RIO DE JANEIRO;RJ;RJO;;CARTEIRA;175,01;22/04/24;716;175,01
2;0003709-5;03/07/23;47675314000158;BROTEI NA HORTA PRODUTOS AGRICOLAS LTDA;".2";RIO DE JANEIRO;RJ;RJO;;CARTEIRA;522,00;02/08/23;980;522,00
2;0003804-1;07/08/23;47675314000158;BROTEI NA HORTA PRODUTOS AGRICOLAS LTDA;".2";RIO DE JANEIRO;RJ;RJO;;CARTEIRA;618,00;06/09/23;945;618,00
2;0003934-9;25/09/23;47675314000158;BROTEI NA HORTA PRODUTOS AGRICOLAS LTDA;".2";RIO DE JANEIRO;RJ;RJO;;CARTEIRA;504,00;25/10/23;896;504,00
2;0004094-1;20/11/23;47675314000158;BROTEI NA HORTA PRODUTOS AGRICOLAS LTDA;".2";RIO DE JANEIRO;RJ;RJO;;CARTEIRA;766,74;20/12/23;840;766,74
2;0004395-8;04/03/24;00000447009702;EDINEI MAXIMO PEREIRA;".2";RIO DE JANEIRO;RJ;RJO;;CARTEIRA;324,86;18/03/24;751;324,86
2;0004654-0;03/06/24;17332857000101;ESGO-JET AMBIENTAL LTDA;".2";ITAGUAI;RJ;RJO;;CARTEIRA;191,19;17/06/24;660;191,19
2;0003997-7;16/10/23;06772283000176;ESTOQUE DA BAIXADA DIST FERRAG LTDA;".2";MESQUITA;RJ;RJO;;CARTEIRA;317,07;30/10/23;891;317,07
2;0002424-4;18/04/22;33064262000179;FABRIMAR S/A INDE COM;".2";RIO DE JANEIRO;RJ;RJO;;CARTEIRA;380,77;25/04/22;1444;380,77
2;0002596-8;20/06/22;33064262000179;FABRIMAR S/A INDE COM;".2";RIO DE JANEIRO;RJ;RJO;;CARTEIRA;2996,49;25/06/22;1383;2996,49
2;0001775-2;12/07/21;33064262000179;FABRIMAR S/A INDE COM;".2";RIO DE JANEIRO;RJ;RJO;;CARTEIRA;300,00;25/07/21;1718;300,00
2;0000112-1;13/05/19;33064262000179;FABRIMAR S/A INDE COM;".2";RIO DE JANEIRO;RJ;RJO;;CARTEIRA;168,93;23/08/19;2420;168,93
2;0001844-9;16/08/21;33064262000179;FABRIMAR S/A INDE COM;".2";RIO DE JANEIRO;RJ;RJO;;CARTEIRA;350,00;25/08/21;1687;350,00
2;0001864-3;23/08/21;33064262000179;FABRIMAR S/A INDE COM;".2";RIO DE JANEIRO;RJ;RJO;;CARTEIRA;159,64;10/09/21;1671;159,64
2;0001925-9;20/09/21;33064262000179;FABRIMAR S/A INDE COM;".2";RIO DE JANEIRO;RJ;RJO;;CARTEIRA;286,08;25/09/21;1656;286,08
2;0002874-6;19/09/22;33064262000179;FABRIMAR S/A INDE COM;".2";RIO DE JANEIRO;RJ;RJO;;CARTEIRA;201,48;25/09/22;1291;201,48
2;0000379-4;23/09/19;33064262000179;FABRIMAR S/A INDE COM;".2";RIO DE JANEIRO;RJ;RJO;;CARTEIRA;84,76;10/10/19;2372;84,76
2;0000407-3;07/10/19;33064262000179;FABRIMAR S/A INDE COM;".2";RIO DE JANEIRO;RJ;RJO;;CARTEIRA;72,83;25/10/19;2357;72,83
2;0001975-5;13/10/21;33064262000179;FABRIMAR S/A INDE COM;".2";RIO DE JANEIRO;RJ;RJO;;CARTEIRA;199,67;25/10/21;1626;199,67
2;0003976-4;09/10/23;33064262000179;FABRIMAR S/A INDE COM;".2";RIO DE JANEIRO;RJ;RJO;;CARTEIRA;2727,27;25/10/23;896;2727,27
2;0002983-1;24/10/22;33064262000179;FABRIMAR S/A INDE COM;".2";RIO DE JANEIRO;RJ;RJO;;CARTEIRA;171,26;10/11/22;1245;171,26
2;0002065-6;16/11/21;33064262000179;FABRIMAR S/A INDE COM;".2";RIO DE JANEIRO;RJ;RJO;;BANCO ITAU S.A.;83,61;25/11/21;1595;83,61
2;0006062-3;15/12/25;11040609000100;H. D. LOG TRANSPORTES LTDA - M;".1";RIO DE JANEIRO;RJ;RJO;;CARTEIRA;9628,43;05/01/26;93;9628,43
2;0002158-0;20/12/21;11040609000100;H. D. LOG TRANSPORTES LTDA - M;".1";RIO DE JANEIRO;RJ;RJO;;CARTEIRA;96,85;10/01/22;1549;96,85
2;0001368-4;21/12/20;11040609000100;H. D. LOG TRANSPORTES LTDA - M;".1";RIO DE JANEIRO;RJ;RJO;;CARTEIRA;60,55;11/01/21;1913;60,55
2;0006093-3;22/12/25;11040609000100;H. D. LOG TRANSPORTES LTDA - M;".1";RIO DE JANEIRO;RJ;RJO;;CARTEIRA;6148,44;12/01/26;86;6148,44
2;0006102-6;29/12/25;11040609000100;H. D. LOG TRANSPORTES LTDA - M;".1";RIO DE JANEIRO;RJ;RJO;;CARTEIRA;2030,72;19/01/26;79;2030,72
2;0006113-1;05/01/26;11040609000100;H. D. LOG TRANSPORTES LTDA - M;".1";RIO DE JANEIRO;RJ;RJO;;CARTEIRA;6953,49;26/01/26;72;6953,49
2;0006129-8;12/01/26;11040609000100;H. D. LOG TRANSPORTES LTDA - M;".1";RIO DE JANEIRO;RJ;RJO;;CARTEIRA;8445,60;02/02/26;65;8445,60
2;0003221-2;16/01/23;11040609000100;H. D. LOG TRANSPORTES LTDA - M;".1";RIO DE JANEIRO;RJ;RJO;;CARTEIRA;30,77;06/02/23;1157;30,77
2;0006147-6;19/01/26;11040609000100;H. D. LOG TRANSPORTES LTDA - M;".1";RIO DE JANEIRO;RJ;RJO;;CARTEIRA;13733,52;09/02/26;58;13733,52
2;0006166-2;26/01/26;11040609000100;H. D. LOG TRANSPORTES LTDA - M;".1";RIO DE JANEIRO;RJ;RJO;;CARTEIRA;21033,81;16/02/26;51;21033,81
2;0006188-3;02/02/26;11040609000100;H. D. LOG TRANSPORTES LTDA - M;".1";RIO DE JANEIRO;RJ;RJO;;CARTEIRA;17055,33;23/02/26;44;17055,33
2;0003283-2;06/02/23;11040609000100;H. D. LOG TRANSPORTES LTDA - M;".1";RIO DE JANEIRO;RJ;RJO;;CARTEIRA;37,97;27/02/23;1136;37,97
2;0006205-7;09/02/26;11040609000100;H. D. LOG TRANSPORTES LTDA - M;".1";RIO DE JANEIRO;RJ;RJO;;CARTEIRA;26824,74;02/03/26;37;26824,74
2;0005298-1;10/02/25;11040609000100;H. D. LOG TRANSPORTES LTDA - M;".1";RIO DE JANEIRO;RJ;RJO;;CARTEIRA;34274,32;03/03/25;401;34274,32
2;0006229-4;16/02/26;11040609000100;H. D. LOG TRANSPORTES LTDA - M;".1";RIO DE JANEIRO;RJ;RJO;;CARTEIRA;20796,21;09/03/26;30;20796,21
2;0005313-9;17/02/25;11040609000100;H. D. LOG TRANSPORTES LTDA - M;".1";RIO DE JANEIRO;RJ;RJO;;CARTEIRA;338,15;10/03/25;394;338,15
2;0006248-1;23/02/26;11040609000100;H. D. LOG TRANSPORTES LTDA - M;".1";RIO DE JANEIRO;RJ;RJO;;CARTEIRA;20218,72;16/03/26;23;20218,72
2;0005331-7;24/02/25;11040609000100;H. D. LOG TRANSPORTES LTDA - M;".1";RIO DE JANEIRO;RJ;RJO;;CARTEIRA;564,07;17/03/25;387;564,07
2;0006275-8;02/03/26;11040609000100;H. D. LOG TRANSPORTES LTDA - M;".1";RIO DE JANEIRO;RJ;RJO;;CARTEIRA;17737,54;23/03/26;16;17737,54
2;0005348-1;03/03/25;11040609000100;H. D. LOG TRANSPORTES LTDA - M;".1";RIO DE JANEIRO;RJ;RJO;;CARTEIRA;1961,02;24/03/25;380;1961,02
2;0006295-2;09/03/26;11040609000100;H. D. LOG TRANSPORTES LTDA - M;".1";RIO DE JANEIRO;RJ;RJO;;CARTEIRA;17324,42;30/03/26;9;17324,42
2;0005359-7;10/03/25;11040609000100;H. D. LOG TRANSPORTES LTDA - M;".1";RIO DE JANEIRO;RJ;RJO;;CARTEIRA;1978,36;31/03/25;373;1978,36
2;0006323-1;16/03/26;11040609000100;H. D. LOG TRANSPORTES LTDA - M;".1";RIO DE JANEIRO;RJ;RJO;;CARTEIRA;15451,28;06/04/26;2;15451,28
2;0005373-2;17/03/25;11040609000100;H. D. LOG TRANSPORTES LTDA - M;".1";RIO DE JANEIRO;RJ;RJO;;CARTEIRA;746,47;07/04/25;366;746,47
2;0005388-1;24/03/25;11040609000100;H. D. LOG TRANSPORTES LTDA - M;".1";RIO DE JANEIRO;RJ;RJO;;CARTEIRA;470,84;14/04/25;359;470,84
2;0001543-1;29/03/21;11040609000100;H. D. LOG TRANSPORTES LTDA - M;".1";RIO DE JANEIRO;RJ;RJO;;CARTEIRA;162,03;19/04/21;1815;162,03
2;0005402-0;31/03/25;11040609000100;H. D. LOG TRANSPORTES LTDA - M;".1";RIO DE JANEIRO;RJ;RJO;;CARTEIRA;2735,25;21/04/25;352;2735,25
2;0005419-4;07/04/25;11040609000100;H. D. LOG TRANSPORTES LTDA - M;".1";RIO DE JANEIRO;RJ;RJO;;CARTEIRA;6070,09;28/04/25;345;6070,09
2;0001574-1;12/04/21;11040609000100;H. D. LOG TRANSPORTES LTDA - M;".1";RIO DE JANEIRO;RJ;RJO;;CARTEIRA;355,17;03/05/21;1801;355,17
2;0005436-4;14/04/25;11040609000100;H. D. LOG TRANSPORTES LTDA - M;".1";RIO DE JANEIRO;RJ;RJO;;CARTEIRA;7434,99;05/05/25;338;7434,99
2;0005445-3;21/04/25;11040609000100;H. D. LOG TRANSPORTES LTDA - M;".1";RIO DE JANEIRO;RJ;RJO;;CARTEIRA;3848,79;12/05/25;331;3848,79
2;0004535-7;22/04/24;11040609000100;H. D. LOG TRANSPORTES LTDA - M;".1";RIO DE JANEIRO;RJ;RJO;;CARTEIRA;50,74;13/05/24;695;50,74
2;0005462-3;28/04/25;11040609000100;H. D. LOG TRANSPORTES LTDA - M;".1";RIO DE JANEIRO;RJ;RJO;;CARTEIRA;93,42;19/05/25;324;93,42
2;0000091-4;28/04/19;11040609000100;H. D. LOG TRANSPORTES LTDA - M;".1";RIO DE JANEIRO;RJ;RJO;;CARTEIRA;2398,18;20/05/19;2515;2398,18
2;0005476-3;05/05/25;11040609000100;H. D. LOG TRANSPORTES LTDA - M;".1";RIO DE JANEIRO;RJ;RJO;;CARTEIRA;8530,00;26/05/25;317;8530,00
2;0002480-5;09/05/22;11040609000100;H. D. LOG TRANSPORTES LTDA - M;".1";RIO DE JANEIRO;RJ;RJO;;CARTEIRA;61,38;30/05/22;1409;61,38
2;0000113-9;13/05/19;11040609000100;H. D. LOG TRANSPORTES LTDA - M;".1";RIO DE JANEIRO;RJ;RJO;;CARTEIRA;673,94;03/06/19;2501;673,94
2;0005526-3;26/05/25;11040609000100;H. D. LOG TRANSPORTES LTDA - M;".1";RIO DE JANEIRO;RJ;RJO;;CARTEIRA;5592,53;16/06/25;296;5592,53
2;0005545-0;02/06/25;11040609000100;H. D. LOG TRANSPORTES LTDA - M;".1";RIO DE JANEIRO;RJ;RJO;;CARTEIRA;743,29;23/06/25;289;743,29
2;0005563-8;09/06/25;11040609000100;H. D. LOG TRANSPORTES LTDA - M;".1";RIO DE JANEIRO;RJ;RJO;;CARTEIRA;5441,57;30/06/25;282;5441,57
2;0005585-9;16/06/25;11040609000100;H. D. LOG TRANSPORTES LTDA - M;".1";RIO DE JANEIRO;RJ;RJO;;CARTEIRA;4766,27;07/07/25;275;4766,27
2;0005603-1;23/06/25;11040609000100;H. D. LOG TRANSPORTES LTDA - M;".1";RIO DE JANEIRO;RJ;RJO;;CARTEIRA;620,43;14/07/25;268;620,43
2;0005618-9;30/06/25;11040609000100;H. D. LOG TRANSPORTES LTDA - M;".1";RIO DE JANEIRO;RJ;RJO;;CARTEIRA;2108,31;21/07/25;261;2108,31
2;0005633-2;07/07/25;11040609000100;H. D. LOG TRANSPORTES LTDA - M;".1";RIO DE JANEIRO;RJ;RJO;;CARTEIRA;15477,06;28/07/25;254;15477,06
2;0005654-5;14/07/25;11040609000100;H. D. LOG TRANSPORTES LTDA - M;".1";RIO DE JANEIRO;RJ;RJO;;CARTEIRA;8995,85;04/08/25;247;8995,85
2;0001791-4;19/07/21;11040609000100;H. D. LOG TRANSPORTES LTDA - M;".1";RIO DE JANEIRO;RJ;RJO;;CARTEIRA;29,51;09/08/21;1703;29,51
2;0005673-1;21/07/25;11040609000100;H. D. LOG TRANSPORTES LTDA - M;".1";RIO DE JANEIRO;RJ;RJO;;CARTEIRA;3513,04;11/08/25;240;3513,04
2;0005695-2;28/07/25;11040609000100;H. D. LOG TRANSPORTES LTDA - M;".1";RIO DE JANEIRO;RJ;RJO;;CARTEIRA;6456,04;18/08/25;233;6456,04
2;0005714-2;04/08/25;11040609000100;H. D. LOG TRANSPORTES LTDA - M;".1";RIO DE JANEIRO;RJ;RJO;;CARTEIRA;10444,63;25/08/25;226;10444,63
2;0003806-7;07/08/23;11040609000100;H. D. LOG TRANSPORTES LTDA - M;".1";RIO DE JANEIRO;RJ;RJO;;CARTEIRA;67,47;28/08/23;954;67,47
2;0005731-2;11/08/25;11040609000100;H. D. LOG TRANSPORTES LTDA - M;".1";RIO DE JANEIRO;RJ;RJO;;CARTEIRA;10946,92;01/09/25;219;10946,92
2;0005749-5;18/08/25;11040609000100;H. D. LOG TRANSPORTES LTDA - M;".1";RIO DE JANEIRO;RJ;RJO;;CARTEIRA;11436,24;08/09/25;212;11436,24
2;0005767-3;25/08/25;11040609000100;H. D. LOG TRANSPORTES LTDA - M;".1";RIO DE JANEIRO;RJ;RJO;;CARTEIRA;25501,04;15/09/25;205;25501,04
2;0005782-7;01/09/25;11040609000100;H. D. LOG TRANSPORTES LTDA - M;".1";RIO DE JANEIRO;RJ;RJO;;CARTEIRA;26074,47;22/09/25;198;26074,47
2;0002831-2;05/09/22;11040609000100;H. D. LOG TRANSPORTES LTDA - M;".1";RIO DE JANEIRO;RJ;RJO;;CARTEIRA;210,00;26/09/22;1290;210,00
2;0005795-9;08/09/25;11040609000100;H. D. LOG TRANSPORTES LTDA - M;".1";RIO DE JANEIRO;RJ;RJO;;CARTEIRA;11703,30;29/09/25;191;11703,30
2;0005817-3;15/09/25;11040609000100;H. D. LOG TRANSPORTES LTDA - M;".1";RIO DE JANEIRO;RJ;RJO;;CARTEIRA;14169,32;06/10/25;184;14169,32
2;0005835-1;22/09/25;11040609000100;H. D. LOG TRANSPORTES LTDA - M;".1";RIO DE JANEIRO;RJ;RJO;;CARTEIRA;18691,21;13/10/25;177;18691,21
2;0002897-5;26/09/22;11040609000100;H. D. LOG TRANSPORTES LTDA - M;".1";RIO DE JANEIRO;RJ;RJO;;CARTEIRA;6,00;17/10/22;1269;6,00
2;0005848-3;29/09/25;11040609000100;H. D. LOG TRANSPORTES LTDA - M;".1";RIO DE JANEIRO;RJ;RJO;;CARTEIRA;14989,07;20/10/25;170;14989,07
2;0002920-3;03/10/22;11040609000100;H. D. LOG TRANSPORTES LTDA - M;".1";RIO DE JANEIRO;RJ;RJO;;CARTEIRA;61,25;24/10/22;1262;61,25
2;0005865-3;06/10/25;11040609000100;H. D. LOG TRANSPORTES LTDA - M;".1";RIO DE JANEIRO;RJ;RJO;;CARTEIRA;11580,17;27/10/25;163;11580,17
2;0005888-2;13/10/25;11040609000100;H. D. LOG TRANSPORTES LTDA - M;".1";RIO DE JANEIRO;RJ;RJO;;CARTEIRA;11822,71;03/11/25;156;11822,71
2;0005901-3;20/10/25;11040609000100;H. D. LOG TRANSPORTES LTDA - M;".1";RIO DE JANEIRO;RJ;RJO;;CARTEIRA;17916,63;10/11/25;149;17916,63
2;0005037-7;21/10/24;11040609000100;H. D. LOG TRANSPORTES LTDA - M;".1";RIO DE JANEIRO;RJ;RJO;;CARTEIRA;52,92;11/11/24;513;52,92
2;0002986-6;24/10/22;11040609000100;H. D. LOG TRANSPORTES LTDA - M;".1";RIO DE JANEIRO;RJ;RJO;;CARTEIRA;68,97;14/11/22;1241;68,97
2;0005923-4;27/10/25;11040609000100;H. D. LOG TRANSPORTES LTDA - M;".1";RIO DE JANEIRO;RJ;RJO;;CARTEIRA;15359,48;17/11/25;142;15359,48
2;0005055-5;28/10/24;11040609000100;H. D. LOG TRANSPORTES LTDA - M;".1";RIO DE JANEIRO;RJ;RJO;;CARTEIRA;331,45;18/11/24;506;331,45
2;0005944-7;03/11/25;11040609000100;H. D. LOG TRANSPORTES LTDA - M;".1";RIO DE JANEIRO;RJ;RJO;;CARTEIRA;12636,94;24/11/25;135;12636,94
2;0000471-5;04/11/19;11040609000100;H. D. LOG TRANSPORTES LTDA - M;".1";RIO DE JANEIRO;RJ;RJO;;CARTEIRA;144,23;25/11/19;2326;144,23
2;0005072-5;04/11/24;11040609000100;H. D. LOG TRANSPORTES LTDA - M;".1";RIO DE JANEIRO;RJ;RJO;;CARTEIRA;387,77;25/11/24;499;387,77
2;0005964-1;10/11/25;11040609000100;H. D. LOG TRANSPORTES LTDA - M;".1";RIO DE JANEIRO;RJ;RJO;;CARTEIRA;5537,22;01/12/25;128;5537,22
2;0005982-0;17/11/25;11040609000100;H. D. LOG TRANSPORTES LTDA - M;".1";RIO DE JANEIRO;RJ;RJO;;CARTEIRA;18346,42;08/12/25;121;18346,42
2;0003061-9;21/11/22;11040609000100;H. D. LOG TRANSPORTES LTDA - M;".1";RIO DE JANEIRO;RJ;RJO;;CARTEIRA;114,10;12/12/22;1213;114,10
2;0006003-8;24/11/25;11040609000100;H. D. LOG TRANSPORTES LTDA - M;".1";RIO DE JANEIRO;RJ;RJO;;CARTEIRA;7985,89;15/12/25;114;7985,89
2;0003074-1;28/11/22;11040609000100;H. D. LOG TRANSPORTES LTDA - M;".1";RIO DE JANEIRO;RJ;RJO;;CARTEIRA;87,07;19/12/22;1206;87,07
2;0006019-4;01/12/25;11040609000100;H. D. LOG TRANSPORTES LTDA - M;".1";RIO DE JANEIRO;RJ;RJO;;CARTEIRA;8590,43;22/12/25;107;8590,43
2;0004143-2;04/12/23;11040609000100;H. D. LOG TRANSPORTES LTDA - M;".1";RIO DE JANEIRO;RJ;RJO;;CARTEIRA;239,76;25/12/23;835;239,76
2;0006040-2;08/12/25;11040609000100;H. D. LOG TRANSPORTES LTDA - M;".1";RIO DE JANEIRO;RJ;RJO;;CARTEIRA;14601,33;29/12/25;100;14601,33
2;0003668-4;19/06/23;00007577655724;JOSE ROBERTO MIZAEL DE ALENCAR;".2";RIO DE JANEIRO;RJ;RJO;;CARTEIRA;151,84;03/07/23;1010;151,84
2;0002722-7;01/08/22;21025368000184;L D 209 MATERIAIS ELETRICOS EIRELI;".2";ITAGUAI;RJ;RJO;;CARTEIRA;154,45;15/08/22;1332;154,45
2;0002127-0;07/12/21;21025368000184;L D 209 MATERIAIS ELETRICOS EIRELI;".2";ITAGUAI;RJ;RJO;;CARTEIRA;4003,23;21/12/21;1569;4003,23
2;0004198-0;18/12/23;10240178000163;MARCO ANTONIO PALOMARES ACCARDO - ME;".2";RIO DE JANEIRO;RJ;RJO;;CARTEIRA;105,82;01/01/24;828;105,82
2;0002131-8;07/12/21;14072798001244;NL TINTAS E FERRAGENS LTDA;".2";ITAPERUNA;RJ;RJO;;CARTEIRA;78,86;28/12/21;1562;78,86
2;0004494-6;08/04/24;29980141000442;OCEANICA ENGENHARIA E CONSULTORIA S;".2";RIO DAS OSTRAS;RJ;RJO;;CARTEIRA;539,83;22/04/24;716;539,83
2;0002901-7;26/09/22;07234499000736;OPERSAN RESIDUOS INDUSTRIAIS S/A;".2";RIO DE JANEIRO;RJ;RJO;;CARTEIRA;165,33;10/10/22;1276;165,33
2;0004495-4;08/04/24;68571041000171;OPTOTAL HOYA LTDA;".2";RIO DE JANEIRO;RJ;RJO;;CARTEIRA;2039,96;22/04/24;716;2039,96
2;0003845-8;21/08/23;15155081000176;PABLO LEON DEL NEGRO PERUZZI GOMEZ;".2";RIO DE JANEIRO;RJ;RJO;;CARTEIRA;95,77;05/10/23;916;95,77
2;0004250-1;08/01/24;39718970000162;PLAYFUL BRINQUEDOS EDUCATIVOS E ARTIGOS LUDICOS LTDA;".2";RIO DE JANEIRO;RJ;RJO;;CARTEIRA;75,29;22/01/24;807;75,29
2;0004400-8;04/03/24;45007073000143;ROBERTA KELLY A R FERNANDES 10282895701;".2";CAMPOS DOS GOYTACAZES;RJ;RJO;;CARTEIRA;212,17;18/03/24;751;212,17
2;0006215-4;09/02/26;11363676000166;SR EMBALAGENS PLASTICAS TRES RIOS LTDA;".2";TRES RIOS;RJ;RJO;;SICREDI;190,19;23/02/26;44;190,19
2;0004520-9;15/04/24;30680352000104;TECHSHORE COMERCIO E SERVICOS LTDA;".2";NITEROI;RJ;RJO;alexsand;CARTEIRA;819,92;29/04/24;709;819,92
2;0001344-7;14/12/20;00030073544809;ARIANE LORENZI DO NASCIMENTO;".2";SAO BERNARDO DO CAMPO;SP;SPO;;CARTEIRA;139,61;28/12/20;1927;139,61
2;0003167-4;26/12/22;11040609000372;H.D LOG TRANSPORTES LTDA-ME;".2";GUARULHOS;SP;SPO;;CARTEIRA;43,78;09/01/23;1185;43,78
2;0002310-8;28/02/22;11040609000372;H.D LOG TRANSPORTES LTDA-ME;".2";GUARULHOS;SP;SPO;;CARTEIRA;24,93;14/03/22;1486;24,93
2;0003355-3;06/03/23;11040609000372;H.D LOG TRANSPORTES LTDA-ME;".2";GUARULHOS;SP;SPO;;CARTEIRA;166,36;20/03/23;1115;166,36
2;0003420-7;27/03/23;11040609000372;H.D LOG TRANSPORTES LTDA-ME;".2";GUARULHOS;SP;SPO;;CARTEIRA;82,15;10/04/23;1094;82,15
2;0003522-0;01/05/23;11040609000372;H.D LOG TRANSPORTES LTDA-ME;".2";GUARULHOS;SP;SPO;;CARTEIRA;149,35;15/05/23;1059;149,35
2;0003667-6;19/06/23;11040609000372;H.D LOG TRANSPORTES LTDA-ME;".2";GUARULHOS;SP;SPO;;CARTEIRA;124,35;03/07/23;1010;124,35
2;0002632-8;04/07/22;11040609000372;H.D LOG TRANSPORTES LTDA-ME;".2";GUARULHOS;SP;SPO;;CARTEIRA;95,40;18/07/22;1360;95,40
2;0002676-0;18/07/22;11040609000372;H.D LOG TRANSPORTES LTDA-ME;".2";GUARULHOS;SP;SPO;;CARTEIRA;55,92;01/08/22;1346;55,92
2;0003807-5;07/08/23;11040609000372;H.D LOG TRANSPORTES LTDA-ME;".2";GUARULHOS;SP;SPO;;CARTEIRA;40,47;21/08/23;961;40,47
2;0003820-2;14/08/23;11040609000372;H.D LOG TRANSPORTES LTDA-ME;".2";GUARULHOS;SP;SPO;;CARTEIRA;88,50;28/08/23;954;88,50
2;0002765-1;15/08/22;11040609000372;H.D LOG TRANSPORTES LTDA-ME;".2";GUARULHOS;SP;SPO;;CARTEIRA;26,95;29/08/22;1318;26,95
2;0002784-7;22/08/22;11040609000372;H.D LOG TRANSPORTES LTDA-ME;".2";GUARULHOS;SP;SPO;;CARTEIRA;23,99;05/09/22;1311;23,99
2;0002854-1;12/09/22;11040609000372;H.D LOG TRANSPORTES LTDA-ME;".2";GUARULHOS;SP;SPO;;CARTEIRA;32,37;26/09/22;1290;32,37
2;0003915-2;18/09/23;11040609000372;H.D LOG TRANSPORTES LTDA-ME;".2";GUARULHOS;SP;SPO;;CARTEIRA;18,80;02/10/23;919;18,80
2;0002898-3;26/09/22;11040609000372;H.D LOG TRANSPORTES LTDA-ME;".2";GUARULHOS;SP;SPO;;CARTEIRA;30,89;10/10/22;1276;30,89
2;0002941-6;10/10/22;11040609000372;H.D LOG TRANSPORTES LTDA-ME;".2";GUARULHOS;SP;SPO;;CARTEIRA;35,10;24/10/22;1262;35,10
2;0003041-4;14/11/22;11040609000372;H.D LOG TRANSPORTES LTDA-ME;".2";GUARULHOS;SP;SPO;;CARTEIRA;93,04;28/11/22;1227;93,04
2;0003062-7;21/11/22;11040609000372;H.D LOG TRANSPORTES LTDA-ME;".2";GUARULHOS;SP;SPO;;CARTEIRA;56,38;05/12/22;1220;56,38
2;0001331-5;07/12/20;00031722859873;HENRIQUE CANTARINI;".2";SANTO ANDRE;SP;SPO;;CARTEIRA;168,00;21/12/20;1934;168,00
2;0001351-0;14/12/20;00031722859873;HENRIQUE CANTARINI;".2";SANTO ANDRE;SP;SPO;;CARTEIRA;272,00;28/12/20;1927;272,00
2;0002129-6;07/12/21;00038715277852;YELIS CARLA STRAMASSO;".2";MAUA;SP;SPO;;CARTEIRA;185,00;14/12/21;1576;185,00
